data	close
05-10-2014	4.89
05-10-2014	4.71
05-10-2014	4.64
05-09-2014	4.56
05-08-2014	4.73
05-06-2014	4.11
05-05-2014	4.14
05-02-2014	4.99
05-02-2014	4.95
05-01-2014	5.0
04-29-2014	4.18
04-29-2014	4.74
04-29-2014	4.34
04-27-2014	4.94
04-27-2014	4.9
04-26-2014	4.7
04-20-2014	5.0
04-18-2014	3.21
04-17-2014	4.74
04-17-2014	4.81
04-16-2014	4.78
04-16-2014	4.98
04-16-2014	4.75
04-15-2014	4.49
04-14-2014	4.25
04-13-2014	4.89
04-12-2014	4.35
04-09-2014	4.85
04-08-2014	4.89
04-05-2014	4.23
04-05-2014	4.99
04-05-2014	5.0
04-05-2014	5.0
04-05-2014	4.88
04-04-2014	4.8
04-04-2014	4.94
04-03-2014	4.66
04-03-2014	4.63
04-03-2014	4.6
04-03-2014	4.65
03-31-2014	4.69
03-31-2014	4.98
03-28-2014	2.98
03-27-2014	4.88
03-27-2014	4.61
03-27-2014	4.7
03-24-2014	4.85
03-23-2014	4.53
03-23-2014	5.0
03-23-2014	5.0
03-21-2014	4.99
03-21-2014	3.7
03-18-2014	5.0
03-18-2014	4.86
03-17-2014	4.91
03-16-2014	4.96
03-16-2014	4.6
03-15-2014	4.94
03-14-2014	4.73
03-11-2014	4.39
03-11-2014	5.0
03-08-2014	5.0
03-08-2014	4.0
03-08-2014	4.0
03-05-2014	4.65
03-05-2014	5.0
03-05-2014	4.85
03-05-2014	4.93
03-04-2014	5.0
03-03-2014	5.0
03-02-2014	4.79
03-02-2014	4.66
03-02-2014	4.89
03-01-2014	5.0
03-01-2014	4.88
02-28-2014	5.0
02-28-2014	3.99
02-28-2014	5.0
02-27-2014	4.9
02-27-2014	4.33
02-26-2014	5.0
02-26-2014	4.91
02-25-2014	4.74
02-24-2014	5.0
02-24-2014	4.76
02-23-2014	4.64
02-22-2014	4.99
02-17-2014	4.43
02-13-2014	4.4
02-13-2014	4.58
02-13-2014	4.93
02-12-2014	4.7
02-11-2014	4.99
02-11-2014	4.89
02-10-2014	4.69
02-10-2014	4.88
02-09-2014	4.71
02-08-2014	4.83
02-06-2014	4.53
02-05-2014	4.88
02-05-2014	4.8
02-03-2014	4.94
02-02-2014	4.85
02-02-2014	5.0
02-01-2014	4.66
01-31-2014	4.98
01-30-2014	5.0
01-29-2014	5.0
01-29-2014	4.71
01-27-2014	4.91
01-27-2014	4.74
01-26-2014	4.93
01-25-2014	4.81
01-25-2014	4.84
01-25-2014	4.74
01-24-2014	4.74
01-21-2014	4.96
01-16-2014	5.0
01-16-2014	5.0
01-15-2014	4.85
01-14-2014	5.0
01-14-2014	4.84
01-14-2014	4.74
01-13-2014	4.95
01-12-2014	3.73
01-11-2014	4.71
01-09-2014	4.26
01-08-2014	4.83
01-07-2014	4.78
01-06-2014	4.21
01-05-2014	4.73
01-04-2014	4.94
01-04-2014	4.71
01-02-2014	4.96
12-31-2013	4.64
12-30-2013	4.48
12-30-2013	4.14
12-30-2013	4.54
12-30-2013	4.89
12-29-2013	3.91
12-27-2013	4.98
12-27-2013	4.48
12-26-2013	5.0
12-26-2013	4.96
12-26-2013	4.96
12-24-2013	4.9
12-23-2013	4.99
12-22-2013	5.0
12-21-2013	3.59
12-21-2013	4.49
12-20-2013	5.0
12-20-2013	4.66
12-20-2013	4.09
12-19-2013	5.0
12-19-2013	4.04
12-18-2013	5.0
12-18-2013	4.33
12-13-2013	4.95
12-11-2013	4.99
12-11-2013	4.5
12-10-2013	4.91
12-09-2013	5.0
12-07-2013	4.14
12-07-2013	4.64
12-07-2013	4.8
12-07-2013	4.1
12-06-2013	5.0
12-06-2013	5.0
12-05-2013	4.91
12-04-2013	4.75
12-03-2013	4.89
12-02-2013	4.99
12-01-2013	5.0
12-01-2013	4.61
11-29-2013	4.0
11-28-2013	4.88
11-28-2013	4.89
11-26-2013	5.0
11-25-2013	4.84
11-25-2013	4.89
11-24-2013	4.25
11-23-2013	4.81
11-21-2013	4.98
11-20-2013	4.48
11-20-2013	4.74
11-19-2013	4.91
11-19-2013	4.63
11-18-2013	3.26
11-17-2013	4.54
11-16-2013	5.0
11-16-2013	4.76
11-15-2013	3.35
11-15-2013	4.96
11-15-2013	4.93
11-15-2013	1.7
11-14-2013	4.84
11-14-2013	5.0
11-14-2013	4.93
11-10-2013	4.91
11-10-2013	4.88
11-09-2013	4.69
11-09-2013	4.64
11-08-2013	4.89
11-08-2013	5.0
11-08-2013	4.86
11-07-2013	4.95
11-07-2013	5.0
11-01-2013	4.91
11-04-2013	4.83
11-03-2013	4.91
10-30-2013	4.99
10-30-2013	4.98
10-29-2013	5.0
10-29-2013	4.81
10-29-2013	4.51
10-28-2013	4.74
10-28-2013	5.0
10-26-2013	4.51
10-25-2013	4.94
10-24-2013	4.61
10-22-2013	4.65
10-21-2013	5.0
10-20-2013	3.85
10-18-2013	4.83
10-18-2013	5.0
10-18-2013	5.0
10-18-2013	3.45
10-16-2013	4.85
10-16-2013	4.75
10-16-2013	4.5
10-14-2013	4.54
10-13-2013	5.0
10-13-2013	4.84
10-13-2013	4.85
10-12-2013	4.38
10-12-2013	4.71
10-10-2013	4.48
10-10-2013	4.54
10-10-2013	4.7
10-08-2013	4.73
10-06-2013	4.76
10-06-2013	4.31
10-06-2013	5.0
10-05-2013	4.3
10-05-2013	4.26
10-04-2013	4.91
10-03-2013	4.94
10-03-2013	4.83
10-03-2013	5.0
09-30-2013	5.0
09-29-2013	4.48
09-29-2013	5.0
09-29-2013	4.38
09-28-2013	5.0
09-28-2013	4.83
09-25-2013	4.98
09-25-2013	4.93
09-25-2013	4.83
09-25-2013	4.98
09-23-2013	4.88
09-23-2013	4.53
09-21-2013	4.76
09-21-2013	4.45
09-20-2013	4.71
09-19-2013	4.73
09-17-2013	4.64
09-17-2013	4.93
09-16-2013	4.81
09-16-2013	4.68
09-14-2013	4.66
09-13-2013	4.46
09-12-2013	4.99
09-11-2013	4.78
09-09-2013	4.9
09-09-2013	5.0
09-09-2013	4.53
09-08-2013	4.69
09-07-2013	4.0
09-06-2013	5.0
09-06-2013	4.8
09-05-2013	4.35
09-04-2013	4.86
09-01-2013	4.68
09-01-2013	4.21
09-01-2013	4.65
08-31-2013	4.93
08-30-2013	4.89
08-30-2013	5.0
08-30-2013	3.9
08-30-2013	4.55
08-28-2013	5.0
08-28-2013	5.0
08-28-2013	4.94
08-25-2013	4.44
08-25-2013	4.11
08-25-2013	4.94
08-25-2013	5.0
08-24-2013	4.74
08-23-2013	4.8
08-22-2013	4.48
08-20-2013	5.0
08-20-2013	4.46
08-19-2013	4.74
08-18-2013	4.9
08-18-2013	4.99
08-17-2013	4.74
08-15-2013	4.93
08-15-2013	4.86
08-15-2013	4.96
08-15-2013	5.0
08-14-2013	4.88
08-12-2013	4.6
08-12-2013	5.0
08-11-2013	4.83
08-10-2013	4.95
08-09-2013	5.0
08-07-2013	4.23
08-07-2013	5.0
08-06-2013	4.78
08-03-2013	4.26
08-03-2013	4.68
08-02-2013	4.76
08-02-2013	4.75
08-01-2013	4.53
08-01-2013	5.0
08-01-2013	4.85
08-01-2013	4.95
08-01-2013	4.0
07-30-2013	4.64
07-29-2013	4.43
07-28-2013	4.73
07-28-2013	4.73
07-28-2013	4.95
07-25-2013	4.13
07-24-2013	4.45
07-24-2013	4.35
07-24-2013	4.75
07-24-2013	4.84
07-22-2013	5.0
07-22-2013	4.64
07-21-2013	4.89
07-21-2013	4.81
07-21-2013	3.53
07-20-2013	3.99
07-20-2013	4.89
07-17-2013	4.78
07-17-2013	3.93
07-17-2013	4.93
07-16-2013	5.0
07-16-2013	4.79
07-15-2013	4.53
07-15-2013	4.91
07-14-2013	5.0
07-11-2013	5.0
07-11-2013	4.41
07-10-2013	3.85
07-09-2013	5.0
07-05-2013	4.8
07-04-2013	4.5
07-04-2013	3.48
07-03-2013	4.56
07-02-2013	4.98
07-02-2013	4.28
07-02-2013	4.75
07-02-2013	4.96
07-01-2013	4.06
07-01-2013	4.98
07-01-2013	4.78
06-30-2013	4.96
06-30-2013	4.41
06-30-2013	4.59
06-29-2013	5.0
06-29-2013	4.24
06-28-2013	4.31
06-27-2013	4.24
06-27-2013	4.69
06-27-2013	4.75
06-27-2013	4.7
06-26-2013	4.63
06-25-2013	4.16
06-24-2013	4.64
06-24-2013	4.51
06-24-2013	4.86
06-23-2013	4.94
06-22-2013	4.81
06-22-2013	4.78
06-22-2013	4.5
06-21-2013	3.33
06-20-2013	4.78
06-20-2013	4.65
06-19-2013	5.0
06-19-2013	4.63
06-18-2013	4.45
06-18-2013	4.88
06-17-2013	4.74
06-16-2013	4.98
06-16-2013	3.9
06-15-2013	4.88
06-13-2013	5.0
06-13-2013	4.89
06-13-2013	4.75
06-12-2013	4.79
06-12-2013	4.66
06-11-2013	4.94
06-10-2013	4.09
06-10-2013	3.98
06-09-2013	4.63
06-06-2013	4.88
06-06-2013	3.88
06-06-2013	4.78
06-06-2013	4.64
06-06-2013	4.8
06-05-2013	5.0
06-03-2013	4.76
06-03-2013	4.96
06-01-2013	4.73
05-31-2013	4.5
05-31-2013	3.94
05-31-2013	4.98
05-30-2013	4.45
05-30-2013	4.85
05-30-2013	5.0
05-29-2013	4.91
05-27-2013	5.0
05-27-2013	4.99
05-27-2013	5.0
05-27-2013	4.96
05-26-2013	4.49
05-25-2013	4.55
05-25-2013	4.98
05-25-2013	4.53
05-25-2013	4.91
05-24-2013	4.95
05-24-2013	4.43
05-22-2013	4.78
05-21-2013	4.99
05-21-2013	4.99
05-20-2013	4.9
05-20-2013	4.66
05-19-2013	4.58
05-19-2013	4.73
05-18-2013	4.46
05-18-2013	4.84
05-17-2013	4.91
05-16-2013	4.53
05-15-2013	4.7
05-14-2013	4.7
05-14-2013	4.58
05-12-2013	5.0
05-11-2013	4.85
05-11-2013	4.61
05-11-2013	4.39
05-10-2013	4.65
05-09-2013	4.99
05-09-2013	4.75
05-09-2013	4.23
05-08-2013	4.2
05-08-2013	4.5
05-08-2013	4.78
05-07-2013	4.93
05-07-2013	5.0
05-06-2013	4.75
05-06-2013	4.73
05-06-2013	4.66
05-06-2013	5.0
05-06-2013	4.68
05-05-2013	4.9
05-04-2013	4.64
05-04-2013	4.76
05-03-2013	4.88
05-01-2013	5.0
05-01-2013	4.7
05-01-2013	4.78
05-01-2013	4.31
04-29-2013	4.51
04-28-2013	4.73
04-28-2013	5.0
04-28-2013	4.69
04-28-2013	4.73
04-27-2013	4.28
04-27-2013	4.9
04-25-2013	4.93
04-24-2013	3.35
04-24-2013	4.93
04-23-2013	4.99
04-23-2013	4.9
04-23-2013	5.0
04-23-2013	4.79
04-20-2013	4.98
04-20-2013	5.0
04-20-2013	4.03
04-20-2013	4.79
04-20-2013	4.5
04-19-2013	5.0
04-19-2013	5.0
04-19-2013	4.91
04-19-2013	4.9
04-17-2013	4.64
04-15-2013	3.86
04-14-2013	4.81
04-14-2013	4.96
04-13-2013	4.69
04-13-2013	4.96
04-09-2013	4.7
04-09-2013	4.93
04-07-2013	4.44
04-07-2013	4.75
04-07-2013	4.83
04-06-2013	4.78
04-05-2013	4.84
04-05-2013	4.95
04-04-2013	4.69
04-02-2013	4.89
04-02-2013	4.64
04-01-2013	4.38
03-31-2013	4.81
03-30-2013	5.0
03-30-2013	4.48
03-30-2013	4.91
03-30-2013	4.75
03-29-2013	4.98
03-29-2013	5.0
03-29-2013	4.98
03-29-2013	4.93
03-28-2013	4.88
03-28-2013	4.85
03-27-2013	4.0
03-27-2013	4.9
03-25-2013	4.94
03-24-2013	4.8
03-23-2013	4.99
03-23-2013	4.99
03-23-2013	5.0
03-22-2013	4.48
03-20-2013	4.93
03-20-2013	4.76
03-17-2013	4.5
03-16-2013	5.0
03-16-2013	2.85
03-15-2013	4.94
03-14-2013	5.0
03-14-2013	4.91
03-13-2013	4.49
03-13-2013	2.83
03-12-2013	4.99
03-12-2013	4.68
03-10-2013	4.98
03-08-2013	4.85
03-07-2013	4.75
03-07-2013	4.91
03-06-2013	4.78
03-04-2013	4.48
03-02-2013	4.89
03-02-2013	4.98
03-01-2013	4.69
02-27-2013	3.65
02-27-2013	4.38
02-25-2013	4.64
02-25-2013	4.8
02-24-2013	4.53
02-22-2013	4.5
02-21-2013	4.79
02-20-2013	5.0
02-19-2013	4.59
02-16-2013	4.93
02-15-2013	4.8
02-14-2013	5.0
02-14-2013	4.46
02-14-2013	4.79
02-14-2013	4.66
02-14-2013	4.98
02-13-2013	4.44
02-12-2013	5.0
02-10-2013	4.74
02-08-2013	5.0
02-08-2013	4.68
02-08-2013	4.96
02-06-2013	4.11
02-01-2013	5.0
02-01-2013	4.91
02-01-2013	4.31
01-31-2013	4.88
01-31-2013	4.7
01-31-2013	4.21
01-30-2013	4.98
01-28-2013	4.76
01-28-2013	4.89
01-28-2013	4.86
01-28-2013	5.0
01-27-2013	4.96
01-26-2013	5.0
01-26-2013	4.94
01-26-2013	4.85
01-26-2013	4.71
01-24-2013	4.64
01-24-2013	4.65
01-22-2013	5.0
01-21-2013	4.95
01-21-2013	4.53
01-21-2013	4.33
01-20-2013	4.34
01-20-2013	4.63
01-19-2013	4.71
01-19-2013	4.88
01-18-2013	4.9
01-14-2013	4.39
01-14-2013	4.56
01-13-2013	5.0
01-13-2013	4.71
01-12-2013	4.98
01-12-2013	5.0
01-11-2013	4.64
01-11-2013	5.0
01-11-2013	4.88
01-11-2013	4.96
01-10-2013	4.83
01-10-2013	5.0
01-09-2013	5.0
01-09-2013	3.0
01-09-2013	4.89
01-09-2013	5.0
01-08-2013	4.98
01-08-2013	4.98
01-08-2013	4.65
01-07-2013	4.08
01-07-2013	5.0
01-06-2013	4.56
01-05-2013	5.0
01-05-2013	4.95
01-05-2013	4.13
01-05-2013	4.7
01-04-2013	4.98
01-04-2013	4.7
01-03-2013	4.83
01-01-2013	4.75
12-29-2012	4.6
12-24-2012	5.0
12-23-2012	4.43
12-21-2012	5.0
12-17-2012	4.6
12-17-2012	4.98
12-15-2012	4.8
12-15-2012	4.98
12-14-2012	4.95
12-13-2012	4.33
12-13-2012	4.65
12-13-2012	4.85
12-10-2012	4.08
12-08-2012	4.9
12-06-2012	4.75
12-02-2012	4.6
12-02-2012	5.0
11-30-2012	5.0
11-29-2012	4.88
11-28-2012	4.85
11-25-2012	4.53
11-25-2012	4.93
11-21-2012	5.0
11-21-2012	4.7
11-20-2012	4.53
11-16-2012	4.68
11-15-2012	4.55
11-14-2012	4.63
11-13-2012	4.78
11-10-2012	4.25
11-10-2012	5.0
11-08-2012	4.78
11-06-2012	4.83
11-04-2012	4.4
11-04-2012	5.0
11-03-2012	5.0
11-02-2012	4.6
11-01-2012	5.0
10-31-2012	4.69
10-28-2012	4.7
10-27-2012	4.63
10-27-2012	4.73
10-24-2012	4.78
10-22-2012	5.0
10-22-2012	5.0
10-20-2012	4.73
10-20-2012	4.1
10-19-2012	3.78
10-18-2012	4.85
10-17-2012	5.0
10-16-2012	4.68
10-16-2012	5.0
10-15-2012	4.73
10-13-2012	4.48
10-13-2012	4.95
10-12-2012	4.98
10-08-2012	4.91
10-07-2012	5.0
10-05-2012	4.48
10-04-2012	4.96
10-03-2012	4.75
10-02-2012	4.91
10-02-2012	4.7
09-30-2012	4.75
09-28-2012	4.79
09-24-2012	4.83
09-23-2012	4.35
09-23-2012	4.08
09-23-2012	4.93
09-22-2012	4.93
09-21-2012	5.0
09-21-2012	5.0
09-21-2012	4.93
09-18-2012	4.98
09-18-2012	4.5
09-17-2012	4.98
09-17-2012	4.65
09-17-2012	4.98
09-16-2012	5.0
09-15-2012	4.93
09-11-2012	4.98
09-09-2012	4.55
09-08-2012	4.08
09-08-2012	4.53
09-07-2012	4.98
09-07-2012	4.98
09-06-2012	4.58
09-06-2012	4.95
09-04-2012	4.4
09-03-2012	4.2
09-02-2012	4.78
08-31-2012	4.7
08-31-2012	4.93
08-31-2012	4.88
08-30-2012	4.5
08-27-2012	4.48
08-27-2012	4.45
08-25-2012	4.7
08-23-2012	4.7
08-23-2012	5.0
08-22-2012	4.9
08-22-2012	4.9
08-21-2012	4.53
08-14-2012	4.55
08-14-2012	5.0
08-13-2012	4.73
08-07-2012	4.98
08-06-2012	4.48
08-05-2012	4.4
08-04-2012	3.0
08-02-2012	5.0
08-02-2012	4.75
08-02-2012	4.95
08-01-2012	4.7
07-31-2012	4.58
07-29-2012	5.0
07-29-2012	3.8
07-29-2012	4.98
07-29-2012	4.98
07-29-2012	4.85
07-28-2012	4.43
07-25-2012	4.68
07-25-2012	4.0
07-23-2012	4.93
07-20-2012	5.0
07-19-2012	4.88
07-17-2012	4.95
07-15-2012	5.0
07-11-2012	4.28
07-10-2012	5.0
07-10-2012	4.53
07-08-2012	4.38
07-07-2012	5.0
07-07-2012	4.53
07-04-2012	4.58
07-03-2012	4.23
07-02-2012	5.0
07-01-2012	5.0
06-30-2012	4.43
06-29-2012	5.0
06-29-2012	4.93
06-28-2012	4.95
06-28-2012	4.9
06-27-2012	4.75
06-26-2012	4.9
06-24-2012	4.53
06-24-2012	4.98
01-09-2012	4.58
06-22-2012	4.99
06-22-2012	4.64
06-21-2012	4.48
06-20-2012	4.38
06-19-2012	4.8
06-19-2012	4.98
06-19-2012	4.88
06-19-2012	4.7
06-16-2012	4.6
06-16-2012	4.88
06-15-2012	4.98
06-14-2012	4.5
06-14-2012	5.0
06-11-2012	4.78
06-10-2012	4.98
06-10-2012	4.83
06-09-2012	3.4
06-09-2012	4.98
06-09-2012	4.43
06-09-2012	4.88
06-08-2012	4.4
06-07-2012	4.78
06-07-2012	4.88
06-06-2012	4.98
06-06-2012	4.58
06-06-2012	4.7
06-06-2012	5.0
06-06-2012	4.88
06-05-2012	5.0
06-02-2012	4.68
06-01-2012	3.85
06-01-2012	4.51
05-31-2012	4.4
05-31-2012	4.5
05-30-2012	4.68
05-29-2012	4.25
05-29-2012	4.6
05-29-2012	4.85
05-26-2012	4.96
05-25-2012	4.98
05-25-2012	4.48
05-23-2012	4.78
05-23-2012	4.53
05-23-2012	4.23
05-22-2012	4.93
05-22-2012	4.59
05-22-2012	4.38
05-21-2012	4.58
05-21-2012	4.4
05-20-2012	4.9
05-20-2012	4.8
05-20-2012	5.0
05-19-2012	4.9
05-18-2012	4.9
05-17-2012	4.58
05-16-2012	4.63
05-15-2012	4.73
05-15-2012	4.55
05-14-2012	4.5
05-12-2012	4.73
05-12-2012	4.43
05-11-2012	4.95
05-09-2012	4.88
05-09-2012	4.33
05-09-2012	4.55
05-09-2012	4.58
05-09-2012	4.28
05-08-2012	3.53
05-08-2012	4.95
05-08-2012	4.7
05-06-2012	4.5
05-06-2012	4.78
05-05-2012	4.8
05-05-2012	4.16
05-04-2012	4.8
05-04-2012	4.73
05-04-2012	3.93
05-02-2012	4.75
05-02-2012	3.9
05-02-2012	4.0
05-02-2012	4.03
05-02-2012	4.73
05-01-2012	4.95
05-01-2012	4.85
05-01-2012	4.45
04-30-2012	4.9
04-29-2012	3.85
04-29-2012	4.98
04-29-2012	4.48
04-29-2012	4.55
04-28-2012	4.45
04-28-2012	4.78
04-27-2012	4.9
04-27-2012	4.9
04-27-2012	4.5
04-26-2012	4.75
04-26-2012	4.95
04-25-2012	4.88
04-25-2012	4.93
04-24-2012	5.0
04-24-2012	4.68
04-23-2012	4.95
04-23-2012	4.88
04-22-2012	4.8
04-22-2012	4.78
04-22-2012	4.05
04-22-2012	4.7
04-22-2012	4.5
04-21-2012	4.85
04-21-2012	4.48
04-20-2012	4.68
04-20-2012	4.63
04-20-2012	4.03
04-19-2012	4.93
04-19-2012	4.85
04-19-2012	4.43
04-19-2012	4.68
04-18-2012	4.93
04-17-2012	4.43
04-17-2012	4.85
04-13-2012	4.73
04-13-2012	4.63
04-13-2012	4.7
04-13-2012	4.7
04-13-2012	4.93
04-12-2012	4.6
04-12-2012	4.33
04-12-2012	4.58
04-11-2012	4.5
04-10-2012	5.0
04-10-2012	4.21
04-10-2012	4.9
04-10-2012	4.78
04-09-2012	4.9
04-07-2012	4.49
04-06-2012	4.15
04-06-2012	4.91
04-05-2012	4.0
04-05-2012	4.25
04-05-2012	4.43
04-05-2012	4.5
04-03-2012	4.95
03-31-2012	4.9
03-31-2012	4.48
03-30-2012	4.78
03-29-2012	4.2
03-29-2012	4.58
03-28-2012	4.93
03-27-2012	4.54
03-27-2012	4.68
03-26-2012	3.98
03-25-2012	4.98
03-24-2012	5.0
03-24-2012	4.88
03-23-2012	4.6
03-22-2012	4.85
03-22-2012	4.8
03-22-2012	4.0
03-22-2012	4.85
03-21-2012	4.08
03-21-2012	4.95
03-21-2012	4.43
03-21-2012	4.7
03-19-2012	4.75
03-19-2012	4.75
03-19-2012	4.83
03-18-2012	4.85
03-18-2012	4.08
03-18-2012	4.38
03-16-2012	4.9
03-15-2012	4.74
03-15-2012	4.48
03-15-2012	4.65
03-14-2012	4.9
03-12-2012	4.63
03-11-2012	4.93
03-11-2012	4.8
03-10-2012	3.98
03-09-2012	4.55
03-09-2012	4.93
03-09-2012	4.9
03-07-2012	5.0
03-07-2012	4.48
03-05-2012	4.43
03-04-2012	4.6
03-04-2012	5.0
03-03-2012	4.8
03-03-2012	4.85
03-02-2012	4.99
03-01-2012	4.6
02-29-2012	4.83
02-29-2012	4.73
02-28-2012	4.5
02-28-2012	4.23
02-28-2012	4.8
02-25-2012	4.93
02-25-2012	4.45
02-25-2012	4.48
02-24-2012	4.95
02-24-2012	4.85
02-22-2012	4.7
02-22-2012	4.88
02-22-2012	5.0
02-22-2012	4.58
02-21-2012	4.9
02-21-2012	4.85
02-20-2012	4.68
02-20-2012	4.7
02-20-2012	4.65
02-20-2012	2.88
02-20-2012	4.98
02-18-2012	4.9
02-18-2012	4.85
02-18-2012	4.43
02-17-2012	4.88
02-17-2012	4.48
02-16-2012	5.0
02-15-2012	4.73
02-13-2012	4.7
02-13-2012	4.28
02-13-2012	4.95
02-13-2012	4.4
02-12-2012	4.8
02-11-2012	4.83
02-11-2012	4.65
02-10-2012	4.58
02-10-2012	4.0
02-09-2012	4.64
02-09-2012	4.48
02-09-2012	4.95
02-08-2012	4.97
02-08-2012	4.55
02-07-2012	4.3
02-07-2012	4.97
02-06-2012	4.6
02-06-2012	4.28
02-06-2012	4.73
02-05-2012	4.85
02-05-2012	4.72
02-05-2012	5.0
02-05-2012	4.95
02-04-2012	4.6
02-04-2012	4.43
02-02-2012	4.88
02-02-2012	4.33
02-02-2012	4.68
02-01-2012	4.68
01-31-2012	4.97
01-30-2012	4.88
01-29-2012	4.95
01-29-2012	5.0
01-28-2012	4.58
01-28-2012	4.75
01-28-2012	4.83
01-27-2012	4.72
01-26-2012	4.97
01-25-2012	4.47
01-25-2012	4.9
01-24-2012	4.97
01-24-2012	4.97
01-23-2012	4.4
01-22-2012	4.47
01-21-2012	4.93
01-21-2012	4.78
01-20-2012	4.47
01-19-2012	4.88
01-19-2012	4.75
01-19-2012	4.9
01-18-2012	4.7
01-17-2012	4.45
01-17-2012	4.7
01-16-2012	4.6
01-15-2012	4.33
01-14-2012	4.97
01-14-2012	4.7
01-14-2012	4.69
01-14-2012	4.83
01-11-2012	4.83
01-10-2012	3.78
01-09-2012	4.88
01-09-2012	4.58
01-08-2012	4.98
01-08-2012	4.6
01-07-2012	4.83
01-04-2012	5.0
01-03-2012	4.97
01-02-2012	4.58
01-01-2012	4.6
01-01-2012	4.83
12-31-2011	4.78
12-30-2011	4.53
12-30-2011	4.8
12-29-2011	4.95
12-29-2011	4.85
12-27-2011	4.3
12-27-2011	4.22
12-26-2011	4.68
12-25-2011	4.7
12-24-2011	4.7
12-24-2011	4.93
12-24-2011	4.7
12-23-2011	4.8
12-23-2011	4.1
12-22-2011	4.83
12-21-2011	4.65
12-20-2011	4.13
12-20-2011	5.0
12-19-2011	4.47
12-17-2011	5.0
12-16-2011	4.43
12-16-2011	4.83
12-15-2011	4.8
12-14-2011	4.93
12-12-2011	4.88
12-11-2011	4.85
12-11-2011	4.58
12-11-2011	3.8
12-08-2011	4.63
12-08-2011	4.8
12-08-2011	4.9
12-07-2011	4.99
12-07-2011	4.35
12-06-2011	4.68
12-05-2011	4.6
12-05-2011	4.8
12-04-2011	4.88
12-04-2011	4.66
12-04-2011	4.97
12-03-2011	4.58
12-01-2011	4.83
11-30-2011	4.9
11-30-2011	4.9
11-29-2011	4.47
11-28-2011	4.95
11-28-2011	4.97
11-27-2011	3.63
11-27-2011	4.9
11-26-2011	4.63
11-26-2011	4.6
11-26-2011	4.9
11-24-2011	4.47
11-24-2011	4.4
11-23-2011	4.43
11-21-2011	4.97
11-20-2011	4.63
11-20-2011	4.43
11-20-2011	4.43
11-19-2011	3.9
11-17-2011	4.88
11-16-2011	4.1
11-16-2011	4.47
11-16-2011	4.15
11-16-2011	4.8
11-15-2011	4.68
11-15-2011	4.95
11-15-2011	4.7
11-14-2011	4.85
11-14-2011	4.9
11-14-2011	4.58
11-13-2011	4.5
11-13-2011	4.75
11-12-2011	4.6
11-11-2011	4.85
11-11-2011	4.9
11-11-2011	4.75
11-11-2011	4.47
11-10-2011	4.65
11-10-2011	4.43
11-10-2011	4.5
11-10-2011	4.83
11-10-2011	4.8
11-10-2011	4.93
11-09-2011	4.68
11-09-2011	4.65
11-09-2011	4.78
11-09-2011	4.53
11-08-2011	4.58
11-07-2011	4.4
11-06-2011	4.5
11-06-2011	4.85
11-06-2011	4.38
11-06-2011	4.6
11-05-2011	4.7
11-05-2011	4.68
11-05-2011	4.63
11-04-2011	4.8
11-03-2011	4.7
11-03-2011	4.6
11-02-2011	4.47
11-02-2011	4.43
11-01-2011	4.43
11-01-2011	3.8
10-31-2011	4.83
10-30-2011	4.15
10-30-2011	4.75
10-30-2011	4.9
10-29-2011	4.45
10-29-2011	4.95
10-29-2011	4.63
10-29-2011	4.55
10-28-2011	5.0
10-28-2011	4.53
10-28-2011	4.43
10-27-2011	4.93
10-27-2011	4.53
10-27-2011	4.15
10-26-2011	4.95
10-26-2011	4.43
10-26-2011	4.72
10-26-2011	4.47
10-26-2011	4.63
10-26-2011	4.93
10-25-2011	4.7
10-25-2011	4.5
10-24-2011	4.78
10-24-2011	4.65
10-23-2011	4.65
10-23-2011	4.53
10-23-2011	4.08
10-23-2011	4.8
10-23-2011	4.58
10-23-2011	4.15
10-21-2011	4.7
10-21-2011	4.68
10-20-2011	4.68
10-20-2011	3.98
10-20-2011	4.15
10-20-2011	4.85
10-20-2011	4.58
10-19-2011	4.5
10-19-2011	4.66
10-19-2011	4.28
10-19-2011	4.1
10-19-2011	4.6
10-19-2011	4.38
10-18-2011	4.6
10-18-2011	4.7
10-18-2011	4.43
10-18-2011	4.53
10-18-2011	4.03
10-18-2011	4.65
10-16-2011	4.68
10-15-2011	4.35
10-14-2011	4.55
10-14-2011	4.76
10-14-2011	3.88
10-14-2011	4.0
10-14-2011	4.47
10-14-2011	4.78
10-14-2011	4.2
10-14-2011	4.38
10-14-2011	4.53
10-13-2011	4.95
10-13-2011	4.45
10-13-2011	4.47
10-12-2011	4.47
10-12-2011	4.63
10-12-2011	4.55
10-12-2011	4.63
10-11-2011	4.53
10-10-2011	4.75
10-10-2011	4.5
10-10-2011	4.97
10-08-2011	4.4
10-08-2011	4.9
10-08-2011	4.38
10-08-2011	4.7
10-08-2011	4.13
10-07-2011	4.68
10-07-2011	4.43
10-07-2011	3.76
10-06-2011	4.47
10-06-2011	4.5
10-06-2011	4.79
10-05-2011	4.47
10-05-2011	4.28
10-05-2011	4.43
10-04-2011	4.7
10-04-2011	4.47
10-04-2011	4.9
10-03-2011	4.63
10-03-2011	4.45
10-03-2011	4.53
10-02-2011	4.75
10-01-2011	4.2
10-01-2011	4.6
10-01-2011	4.45
09-30-2011	4.63
09-30-2011	4.43
09-29-2011	4.8
09-29-2011	4.43
09-29-2011	4.47
09-28-2011	4.9
09-28-2011	4.93
09-27-2011	4.43
09-26-2011	4.3
09-26-2011	4.5
09-26-2011	3.93
09-26-2011	4.88
09-26-2011	4.68
09-26-2011	4.85
09-26-2011	4.55
09-25-2011	4.43
09-25-2011	4.43
09-25-2011	4.15
09-25-2011	4.85
09-25-2011	4.78
09-24-2011	4.85
09-24-2011	4.58
09-24-2011	4.19
09-23-2011	4.58
09-23-2011	4.7
09-23-2011	4.4
09-22-2011	4.4
09-22-2011	4.9
09-22-2011	4.98
09-21-2011	4.63
09-21-2011	4.33
09-21-2011	4.88
09-20-2011	4.78
09-19-2011	4.53
09-18-2011	4.58
09-18-2011	3.75
09-18-2011	3.83
09-18-2011	4.53
09-18-2011	4.5
09-17-2011	4.63
09-17-2011	4.95
09-17-2011	4.55
09-16-2011	4.75
09-16-2011	4.1
09-16-2011	4.38
09-15-2011	4.63
09-15-2011	4.97
09-15-2011	3.95
09-15-2011	5.0
09-15-2011	4.9
09-15-2011	4.55
09-14-2011	4.53
09-13-2011	4.38
09-12-2011	4.6
09-10-2011	4.93
09-09-2011	4.9
09-07-2011	4.9
09-05-2011	4.97
09-03-2011	4.9
09-03-2011	4.78
09-02-2011	4.68
09-02-2011	4.58
09-02-2011	4.7
08-06-2011	4.45
08-06-2011	4.83
08-03-2011	4.78
08-02-2011	4.5
07-24-2011	5.0
07-24-2011	4.38
07-22-2011	4.33
07-19-2011	4.13
07-19-2011	4.97
07-18-2011	4.75
07-16-2011	4.65
07-07-2011	4.97
06-08-2011	4.93
06-07-2011	4.47
05-17-2011	4.38
03-30-2011	4.2
03-27-2011	4.35
03-25-2011	4.22
03-22-2011	4.43
03-19-2011	4.5
03-18-2011	4.63
03-06-2011	4.6
03-04-2011	4.35
02-24-2011	4.63
02-24-2011	5.0
02-23-2011	4.9
02-20-2011	4.2
02-14-2011	4.65
02-05-2011	4.38
02-04-2011	4.28
01-26-2011	3.85
01-22-2011	4.95
01-16-2011	4.43
01-16-2011	4.3
01-14-2011	4.4
01-14-2011	4.93
01-10-2011	4.88
01-09-2011	4.72
01-08-2011	4.65
01-07-2011	4.45
01-04-2011	4.7
01-03-2011	4.93
01-03-2011	4.8
01-03-2011	3.98
01-02-2011	4.38
12-31-2010	4.38
12-31-2010	4.15
12-29-2010	4.0
12-29-2010	4.58
12-29-2010	4.2
12-29-2010	4.43
12-28-2010	4.08
12-28-2010	4.38
12-28-2010	4.55
12-28-2010	4.33
12-27-2010	4.7
12-25-2010	4.45
12-25-2010	4.53
12-25-2010	4.6
12-25-2010	4.43
12-24-2010	4.22
12-23-2010	4.63
12-23-2010	4.63
12-23-2010	4.53
12-23-2010	4.38
12-23-2010	4.53
12-23-2010	5.0
12-22-2010	3.85
12-22-2010	4.47
12-22-2010	4.7
12-22-2010	4.8
12-19-2010	4.18
12-19-2010	4.93
12-19-2010	4.55
12-19-2010	4.7
12-19-2010	4.88
12-19-2010	4.43
12-18-2010	4.58
12-18-2010	4.97
12-18-2010	4.75
12-17-2010	4.68
12-17-2010	4.97
12-16-2010	4.68
12-15-2010	4.0
12-15-2010	4.72
12-15-2010	3.98
12-15-2010	5.0
12-15-2010	4.93
12-14-2010	4.2
12-14-2010	4.97
12-14-2010	4.68
12-13-2010	4.72
12-13-2010	4.15
12-13-2010	3.88
12-12-2010	4.72
12-12-2010	4.7
12-12-2010	4.6
12-12-2010	4.97
12-12-2010	4.33
12-12-2010	4.63
12-12-2010	4.45
12-11-2010	4.65
12-11-2010	4.58
12-11-2010	4.05
12-11-2010	4.47
12-11-2010	4.65
12-11-2010	5.0
12-11-2010	4.4
12-09-2010	4.72
12-09-2010	4.4
12-09-2010	4.72
12-09-2010	4.53
12-08-2010	4.63
12-08-2010	4.58
12-08-2010	4.53
12-07-2010	4.55
12-07-2010	4.85
12-06-2010	4.65
12-05-2010	4.95
12-05-2010	4.03
10-13-2010	5.0
10-12-2010	4.75
10-10-2010	4.8
10-04-2010	4.93
10-02-2010	4.7
09-03-2010	4.6
08-26-2010	4.5
08-10-2010	4.45
08-09-2010	4.85
08-08-2010	4.88
08-03-2010	5.0
03-10-2010	4.68
03-09-2010	4.95
09-28-2009	4.88
05-19-2009	4.93
04-20-2009	4.0
02-02-2009	4.5
01-28-2009	5.0
12-01-2008	4.83
06-09-2007	4.5
11-11-2005	4.22
08-21-2005	4.68
07-21-2005	3.93
07-20-2005	4.72
03-24-2005	4.35
02-14-2005	4.72
01-30-2005	4.65
04-25-2004	4.55
04-01-2004	4.23
03-27-2004	4.97
05-16-2014	4.33
05-15-2014	4.89
05-11-2014	4.99
05-18-2014	5.0
05-20-2014	4.6
05-20-2014	4.91
05-22-2014	4.8
